id,data,created_at,updated_at,prev_hash
1,3,2019-03-17 06:46:55 UTC,2019-03-17 06:46:55 UTC,4340110195658086616
2,4,2019-03-17 06:46:55 UTC,2019-03-17 06:46:55 UTC,4197300185022520252
3,3,2019-03-17 06:46:56 UTC,2019-03-17 06:46:56 UTC,2180972134328557522
4,4,2019-03-17 06:46:56 UTC,2019-03-17 06:46:56 UTC,-978075172569820209
5,4,2019-03-17 06:46:56 UTC,2019-03-17 06:46:56 UTC,-2993278663380445191
6,3,2019-03-17 06:46:56 UTC,2019-03-17 06:46:56 UTC,3141880024432298771
7,4,2019-03-17 06:46:56 UTC,2019-03-17 06:46:56 UTC,1126606302309109516
8,3,2019-03-17 06:46:57 UTC,2019-03-17 06:46:57 UTC,-2032510428433300698
9,4,2019-03-17 06:46:57 UTC,2019-03-17 06:46:57 UTC,-4047643413067085997
10,4,2019-03-17 06:46:57 UTC,2019-03-17 06:46:57 UTC,2015484068985748297
11,4,2019-03-17 06:46:57 UTC,2019-03-17 06:46:57 UTC,-71838588513960089
12,3,2019-03-17 06:46:57 UTC,2019-03-17 06:46:57 UTC,-3230956281336385380
13,3,2019-03-17 06:46:58 UTC,2019-03-17 06:46:58 UTC,3980661707555714186
14,4,2019-03-17 06:46:58 UTC,2019-03-17 06:46:58 UTC,812536678046935200
15,3,2019-03-17 06:46:58 UTC,2019-03-17 06:46:58 UTC,-1193730944333140799
16,4,2019-03-17 06:46:58 UTC,2019-03-17 06:46:58 UTC,-4361846885697412885
17,4,2019-03-17 06:46:58 UTC,2019-03-17 06:46:58 UTC,2638101748915873021
18,3,2019-03-17 06:46:59 UTC,2019-03-17 06:46:59 UTC,-530023246240507898
19,3,2019-03-17 06:46:59 UTC,2019-03-17 06:46:59 UTC,-2536289666028692440
20,3,2019-03-17 06:46:59 UTC,2019-03-17 06:46:59 UTC,3518956413597028402
21,4,2019-03-17 06:46:59 UTC,2019-03-17 06:46:59 UTC,1511713352611763271
22,4,2019-03-17 06:46:59 UTC,2019-03-17 06:46:59 UTC,-1728467999630915475
23,3,2019-03-17 06:47:00 UTC,2019-03-17 06:47:00 UTC,-3734734419420148622
24,4,2019-03-17 06:47:00 UTC,2019-03-17 06:47:00 UTC,2319386722378744216
25,4,2019-03-17 06:47:00 UTC,2019-03-17 06:47:00 UTC,313259803396769198
26,4,2019-03-17 06:47:00 UTC,2019-03-17 06:47:00 UTC,-2854891305429141069
27,4,2019-03-17 06:47:01 UTC,2019-03-17 06:47:01 UTC,4434343099328003549
28,3,2019-03-17 06:47:01 UTC,2019-03-17 06:47:01 UTC,1269525555138621927
29,3,2019-03-17 06:47:01 UTC,2019-03-17 06:47:01 UTC,-745678760043579920
30,3,2019-03-17 06:47:01 UTC,2019-03-17 06:47:01 UTC,-3904726084382922470
31,3,2019-03-17 06:47:01 UTC,2019-03-17 06:47:01 UTC,3302325358108503332
32,3,2019-03-17 06:47:02 UTC,2019-03-17 06:47:02 UTC,143138533225095501
33,4,2019-03-17 06:47:02 UTC,2019-03-17 06:47:02 UTC,-1944122413915019941
34,4,2019-03-17 06:47:02 UTC,2019-03-17 06:47:02 UTC,4120201061641443681
35,3,2019-03-17 06:47:02 UTC,2019-03-17 06:47:02 UTC,2103871808625070734
36,3,2019-03-17 06:47:02 UTC,2019-03-17 06:47:02 UTC,-1055315016250993004
37,3,2019-03-17 06:47:03 UTC,2019-03-17 06:47:03 UTC,-3070509710708553043
38,4,2019-03-17 06:47:03 UTC,2019-03-17 06:47:03 UTC,3929437824386813639
39,4,2019-03-17 06:47:03 UTC,2019-03-17 06:47:03 UTC,761311987425231577
40,3,2019-03-17 06:47:03 UTC,2019-03-17 06:47:03 UTC,-1244954535444265230
41,4,2019-03-17 06:47:03 UTC,2019-03-17 06:47:03 UTC,-4413078465448756732
42,4,2019-03-17 06:47:04 UTC,2019-03-17 06:47:04 UTC,2798547220033125918
43,4,2019-03-17 06:47:04 UTC,2019-03-17 06:47:04 UTC,-360571572301974989
44,4,2019-03-17 06:47:04 UTC,2019-03-17 06:47:04 UTC,-2447903025902045623
45,3,2019-03-17 06:47:04 UTC,2019-03-17 06:47:04 UTC,3616351455578696287
46,4,2019-03-17 06:47:05 UTC,2019-03-17 06:47:05 UTC,1600093670547598964
47,3,2019-03-17 06:47:05 UTC,2019-03-17 06:47:05 UTC,-1559050547992845430
48,3,2019-03-17 06:47:05 UTC,2019-03-17 06:47:05 UTC,-3574255000874047577
49,4,2019-03-17 06:47:05 UTC,2019-03-17 06:47:05 UTC,2560860805984164785
50,3,2019-03-17 06:47:05 UTC,2019-03-17 06:47:05 UTC,545657315433586635
51,3,2019-03-17 06:47:06 UTC,2019-03-17 06:47:06 UTC,-2613388892212161564
52,4,2019-03-17 06:47:06 UTC,2019-03-17 06:47:06 UTC,4594788690704275454
53,3,2019-03-17 06:47:06 UTC,2019-03-17 06:47:06 UTC,1434473663809456904
54,3,2019-03-17 06:47:06 UTC,2019-03-17 06:47:06 UTC,-580729861090373855
55,4,2019-03-17 06:47:07 UTC,2019-03-17 06:47:07 UTC,-3811833508164664513
56,4,2019-03-17 06:47:07 UTC,2019-03-17 06:47:07 UTC,3399712840939276117
57,4,2019-03-17 06:47:07 UTC,2019-03-17 06:47:07 UTC,231526272871758690
58,3,2019-03-17 06:47:07 UTC,2019-03-17 06:47:07 UTC,-1774670877415440520
59,4,2019-03-17 06:47:07 UTC,2019-03-17 06:47:07 UTC,4280646670196600982
60,3,2019-03-17 06:47:08 UTC,2019-03-17 06:47:08 UTC,2057152762041464019
61,4,2019-03-17 06:47:08 UTC,2019-03-17 06:47:08 UTC,-1111042464687527739
62,4,2019-03-17 06:47:08 UTC,2019-03-17 06:47:08 UTC,-3117230801703932754
63,4,2019-03-17 06:47:08 UTC,2019-03-17 06:47:08 UTC,2936960674212012176
64,4,2019-03-17 06:47:08 UTC,2019-03-17 06:47:08 UTC,930764520357225594
65,4,2019-03-17 06:47:09 UTC,2019-03-17 06:47:09 UTC,-2237429503781971857
66,4,2019-03-17 06:47:09 UTC,2019-03-17 06:47:09 UTC,-4315683251668394923
67,4,2019-03-17 06:47:09 UTC,2019-03-17 06:47:09 UTC,1738410367705337915
68,3,2019-03-17 06:47:09 UTC,2019-03-17 06:47:09 UTC,-267715279967366112
69,4,2019-03-17 06:47:10 UTC,2019-03-17 06:47:10 UTC,-3435839072793999338
70,4,2019-03-17 06:47:10 UTC,2019-03-17 06:47:10 UTC,3781266304022859260
71,4,2019-03-17 06:47:10 UTC,2019-03-17 06:47:10 UTC,688576842874667493
72,4,2019-03-17 06:47:10 UTC,2019-03-17 06:47:10 UTC,-1326548444902996529
73,3,2019-03-17 06:47:10 UTC,2019-03-17 06:47:10 UTC,-4485666275164374600
74,4,2019-03-17 06:47:11 UTC,2019-03-17 06:47:11 UTC,2721307221993176482
75,4,2019-03-17 06:47:11 UTC,2019-03-17 06:47:11 UTC,-437810299023216244
76,4,2019-03-17 06:47:11 UTC,2019-03-17 06:47:11 UTC,-2452943455456742027
77,4,2019-03-17 06:47:11 UTC,2019-03-17 06:47:11 UTC,3539261025479862627
78,4,2019-03-17 06:47:12 UTC,2019-03-17 06:47:12 UTC,1522861506536385865
79,4,2019-03-17 06:47:12 UTC,2019-03-17 06:47:12 UTC,-1636255052414672586
80,3,2019-03-17 06:47:12 UTC,2019-03-17 06:47:12 UTC,-3651388208847149796
81,4,2019-03-17 06:47:12 UTC,2019-03-17 06:47:12 UTC,2411739307565422858
82,4,2019-03-17 06:47:12 UTC,2019-03-17 06:47:12 UTC,180301565069071103
83,4,2019-03-17 06:47:13 UTC,2019-03-17 06:47:13 UTC,-1825894726224668975
84,4,2019-03-17 06:47:13 UTC,2019-03-17 06:47:13 UTC,4229424023979264715
85,4,2019-03-17 06:47:13 UTC,2019-03-17 06:47:13 UTC,2217598370596556476
86,4,2019-03-17 06:47:13 UTC,2019-03-17 06:47:13 UTC,-941590911008144746
87,3,2019-03-17 06:47:13 UTC,2019-03-17 06:47:13 UTC,-2956820686757525877
88,4,2019-03-17 06:47:14 UTC,2019-03-17 06:47:14 UTC,3035377334286187105
89,4,2019-03-17 06:47:14 UTC,2019-03-17 06:47:14 UTC,1019118278214254167
90,4,2019-03-17 06:47:14 UTC,2019-03-17 06:47:14 UTC,-2139999380515818932
91,3,2019-03-17 06:47:14 UTC,2019-03-17 06:47:14 UTC,-4155274098795645406
92,4,2019-03-17 06:47:15 UTC,2019-03-17 06:47:15 UTC,1907863175514188312
93,3,2019-03-17 06:47:15 UTC,2019-03-17 06:47:15 UTC,-35211287100297719
94,3,2019-03-17 06:47:15 UTC,2019-03-17 06:47:15 UTC,-3194328808384076829
95,4,2019-03-17 06:47:15 UTC,2019-03-17 06:47:15 UTC,4013768372743530461
96,4,2019-03-17 06:47:15 UTC,2019-03-17 06:47:15 UTC,853524676936096694
97,3,2019-03-17 06:47:16 UTC,2019-03-17 06:47:16 UTC,-1161599528777195616
98,3,2019-03-17 06:47:16 UTC,2019-03-17 06:47:16 UTC,-4392773578688015463
99,4,2019-03-17 06:47:16 UTC,2019-03-17 06:47:16 UTC,2818702298326194039
100,4,2019-03-17 06:47:16 UTC,2019-03-17 06:47:16 UTC,-349423693254210707
